,Unnamed: 0,Ulica,Koordinate,Od centra
0,700,petra konjovica,"(43.3089383, 21.8827473)",167.9608335
1,1047,zikice jovanovica spanca,"(43.2410898, 21.5886645)",157.02366519999998
2,21,7. jula,"(45.8582764, 19.5882154)",110.14187820000001
3,203,despotovacka,"(44.1011012, 21.4694661)",100.2381234
4,807,sabacka,"(44.7478574, 19.7036059)",3.136561592
5,1028,vojvodjanske brigade,"(45.1217412, 19.7941774)",59.39738822
6,976,vencacka,"(44.26277779999999, 20.5927778)",46.10257895
7,924,toviliste,"(44.3035219, 20.552845)",42.20400555
8,1053,zorana radmilovica,"(44.3786445, 20.2411418)",39.64031025
9,548,mihajla milovanovica,"(44.4408733, 20.7023431)",36.18325289
10,695,pete kozarske,"(44.6515582, 20.1676989)",27.19379379
11,35,aleksandra ace simovica,"(44.67174680000001, 20.2030206)",23.89653013
12,756,raljska,"(44.57229359999999, 20.5613251)",21.38064405
13,644,omladinska,"(44.9563218, 20.270116)",19.15155259
14,901,svetosavska,"(44.9531264, 20.2815583)",18.25492295
15,56,bore stankovica br. 2,"(44.86462600000001, 20.6595446)",16.63131297
16,669,prvog maja,"(44.6402855, 20.3742568)",15.84934203
17,440,kralja radoslava,"(44.8980829, 20.2827637)",15.84687881
18,572,milice rakic,"(44.9017852, 20.2847382)",15.83135169
19,859,sremskog fronta,"(44.9047303, 20.2863918)",15.81822356
20,106,bosanske krajine,"(44.9039471, 20.2873541)",15.71990636
21,1027,vojvodjanskih brigada,"(44.9067209, 20.2888278)",15.71753037
22,829,sevastokratora branka,"(44.8982462, 20.2847314)",15.70791454
23,499,majora zorana radosavljevica,"(44.9000022, 20.2856417)",15.70237292
24,794,stevana dubajica,"(44.8946148, 20.2874793)",15.38225946
25,830,sevastokratora vlatka,"(44.8923522, 20.2878052)",15.28300532
26,322,ibarska,"(44.8636354, 20.6426145)",15.28129652
27,896,sv. serafima sarovskog,"(44.895229, 20.2905089)",15.18015154
28,852,smederevski put,"(44.7277646, 20.6229156)",14.99981723
29,670,padinska skela,"(44.9832898, 20.4381019)",13.68073478
30,672,palih boraca,"(44.759861, 20.6144931)",13.30565879
31,822,semberijska,"(44.7509313, 20.6090351)",13.16342549
32,316,hrizantema,"(44.7965442, 20.3064311)",12.56133851
33,118,branka cvetkovica,"(44.68348839999999, 20.3850355)",12.34324322
34,131,brace skerovica,"(44.68348839999999, 20.3850355)",12.34324322
35,167,cerova,"(44.68348839999999, 20.3850355)",12.34324322
36,172,crveno barjace,"(44.68348839999999, 20.3850355)",12.34324322
37,229,drage spasic,"(44.68348839999999, 20.3850355)",12.34324322
38,250,dvorzakova,"(44.68348839999999, 20.3850355)",12.34324322
39,400,kedrova,"(44.68348839999999, 20.3850355)",12.34324322
40,443,kraljevackih zrtava,"(44.68348839999999, 20.3850355)",12.34324322
41,462,lazara kujundzica,"(44.68348839999999, 20.3850355)",12.34324322
42,468,leposave mihajlovic,"(44.68348839999999, 20.3850355)",12.34324322
43,474,ljeska,"(44.68348839999999, 20.3850355)",12.34324322
44,519,majdanska,"(44.68348839999999, 20.3850355)",12.34324322
45,559,milana delica,"(44.68348839999999, 20.3850355)",12.34324322
46,588,mirosavljeva,"(44.68348839999999, 20.3850355)",12.34324322
47,602,mojkovacka,"(44.68348839999999, 20.3850355)",12.34324322
48,673,palisadska,"(44.68348839999999, 20.3850355)",12.34324322
49,674,palisadska i deo,"(44.68348839999999, 20.3850355)",12.34324322
50,681,partizanske vode,"(44.68348839999999, 20.3850355)",12.34324322
51,755,rajka ruzica,"(44.68348839999999, 20.3850355)",12.34324322
52,837,sinise stankovica,"(44.68348839999999, 20.3850355)",12.34324322
53,850,slobodana perovica,"(44.68348839999999, 20.3850355)",12.34324322
54,998,vladimira matijevica,"(44.68348839999999, 20.3850355)",12.34324322
55,1043,zdravka jovanovica,"(44.68348839999999, 20.3850355)",12.34324322
56,87,bilecka,"(44.6711569, 20.5029521)",12.23556573
57,111,bozicna,"(44.6711569, 20.5029521)",12.23556573
58,211,djordja kratovca,"(44.6711569, 20.5029521)",12.23556573
59,336,ivanke muacevic,"(44.6711569, 20.5029521)",12.23556573
60,476,ljuba vuckovica,"(44.6711569, 20.5029521)",12.23556573
61,479,ljube sercera,"(44.6711569, 20.5029521)",12.23556573
62,580,milovana jankovica,"(44.6711569, 20.5029521)",12.23556573
63,593,mitropolita pavla nenadovica,"(44.6711569, 20.5029521)",12.23556573
64,650,orahova,"(44.6711569, 20.5029521)",12.23556573
65,713,plitvicka,"(44.6711569, 20.5029521)",12.23556573
66,856,splitska,"(44.6711569, 20.5029521)",12.23556573
67,920,tomazeova,"(44.6711569, 20.5029521)",12.23556573
68,1021,vojvode prijezde,"(44.6711569, 20.5029521)",12.23556573
69,545,mihaila pupina,"(44.87724009999999, 20.3235188)",12.1405915
70,262,franje krca,"(44.873585, 20.3222394)",12.11802123
71,827,sergeja jesenjina,"(44.87420460000001, 20.3230602)",12.07621341
72,113,brace krnjesevac,"(44.870614, 20.3220624)",12.04058201
73,688,pavla zarica,"(44.871934, 20.322817)",12.02370309
74,1094,zila verna,"(44.6912653, 20.3817119)",11.94045932
75,919,tomasa edisona,"(44.6923257, 20.3819504)",11.85746635
76,532,martina lutera kinga,"(44.8747365, 20.3263462)",11.84882191
77,812,sare bernar,"(44.6948681, 20.3809744)",11.72700302
78,32,akrobate aleksica,"(44.8726877, 20.3289771)",11.58700771
79,255,elija fincija,"(44.8735501, 20.330076)",11.53343124
80,795,stevana filipovica,"(44.7042177, 20.3728956)",11.49183451
81,862,srpskog husarskog puka,"(44.9400235, 20.4303719)",10.34284537
82,783,simona bolivara,"(44.8566022, 20.3417819)",10.14739491
83,551,mije aleksica,"(44.857146, 20.3450225)",9.914111452
84,736,radnih akcija,"(44.7307209, 20.3748037)",9.77804869
85,797,stjepana supanca,"(44.7299247, 20.377186)",9.688677212
86,1083,djordja stojkovica,"(44.7277997, 20.3806172)",9.624805033
87,22,8. mart,"(44.7302626, 20.3790722)",9.563246166
88,872,starih ratnika,"(44.7275487, 20.3832886)",9.496412915
89,258,episkopa nikolaja,"(44.85044010000001, 20.3494692)",9.399819538
90,176,darinke radovic,"(44.7317135, 20.3808657)",9.377949147999999
91,51,avalska,"(44.7287373, 20.3850765)",9.32873592
92,52,avalska 5,"(44.7287373, 20.3850765)",9.32873592
93,943,ugrinovacki put 22. deo,"(44.8564657, 20.3560392)",9.058252900000001
94,890,surcinska,"(44.8057953, 20.3505233)",8.926946414
95,213,dobanovacki put,"(44.84591500000001, 20.3545938)",8.897081912
96,475,ljiljane krstic,"(44.8533357, 20.3576799)",8.844353318
97,654,osmog marta,"(44.7664854, 20.5557987)",8.723638664
98,813,sase filipovica,"(44.70991780000001, 20.462218)",8.59474568
99,254,edvarda griga,"(44.7117521, 20.4626462)",8.446850801
100,851,slobodana djurica,"(44.852504, 20.3637232)",8.361763835
101,311,hanibala lucica,"(44.8482391, 20.3623637)",8.350170945
102,805,svetozara papica,"(44.85562909999999, 20.3652556)",8.340110176
103,388,kamenorezacka,"(44.7134353, 20.4667123)",8.324856114
104,567,milene pavlovic barili,"(44.7134933, 20.460695)",8.303498793
105,646,omladinsko setaliste,"(44.7207126, 20.4233141)",8.27700413
106,816,save malesevica,"(44.720935, 20.4969772)",8.257072609
107,358,josipa senera,"(44.8556163, 20.366555)",8.242638658999999
108,575,milorada draskovica,"(44.7220567, 20.4212612)",8.237810784
109,941,ugrinovacki put,"(44.8526803, 20.3660559)",8.190429865
110,257,emilije jaksic,"(44.8568946, 20.3680161)",8.175241773
111,936,tuzlanska,"(44.7221212, 20.4234455)",8.166760077000001
112,212,djuje i dragoljuba,"(44.7243387, 20.4189406)",8.142694961
113,977,vere dimitrijevic,"(44.8584061, 20.3692946)",8.131737924
114,573,milice suvakovic,"(44.8591146, 20.3708346)",8.043638345
115,738,rasinska,"(44.7224548, 20.4290119)",7.9875722520000005
116,19,6. licke divizije,"(44.7189343, 20.4538059)",7.8794753889999996
117,134,bubanjskih zrtava,"(44.7189343, 20.4538059)",7.8794753889999996
118,153,cajnicka,"(44.7189343, 20.4538059)",7.8794753889999996
119,485,ljubomira ivkovica - suce,"(44.7189343, 20.4538059)",7.8794753889999996
120,566,mile dimic,"(44.7189343, 20.4538059)",7.8794753889999996
121,608,mrakovicka,"(44.7189343, 20.4538059)",7.8794753889999996
122,626,nikolaja gogolja,"(44.7189343, 20.4538059)",7.8794753889999996
123,633,nicifora ninkovica,"(44.7189343, 20.4538059)",7.8794753889999996
124,791,sretena mladenovica mike,"(44.7189343, 20.4538059)",7.8794753889999996
125,870,starca milije,"(44.7189343, 20.4538059)",7.8794753889999996
126,892,susedgradska,"(44.7189343, 20.4538059)",7.8794753889999996
127,864,srdjana aleksica,"(44.8079799, 20.3633362)",7.877005429
128,979,vespucijeva,"(44.8090532, 20.3634489)",7.861243728
129,760,ratarski put,"(44.85369, 20.3713066)",7.827142343999999
130,698,petra jovanovica,"(44.7238733, 20.4318468)",7.807917976000001
131,7,11. krajiske divizije,"(44.7261063, 20.4263118)",7.781918134
132,1034,xi krajiske divizije,"(44.7261768, 20.4261884)",7.7801100420000004
133,453,kumodraz ii,"(44.7404766, 20.5194421)",7.775972825
134,518,magelanova,"(44.8085856, 20.3650719)",7.732871654
135,18,3. sutjeska,"(44.760276, 20.5374947)",7.720221496000001
136,893,sutjeska 1,"(44.760276, 20.5374947)",7.720221496000001
137,826,serdar janka vukotica,"(44.7279033, 20.4258263)",7.660042901000001
138,504,marka pola,"(44.8094437, 20.3666102)",7.603438087000001
139,1079,djoka kovacevica,"(44.8401583, 20.3698247)",7.582991493
140,12,17 oktobar,"(44.7282338, 20.4307293)",7.499237591
141,13,17 oktobra,"(44.7282338, 20.4307293)",7.499237591
142,820,sedamnaestog oktobra,"(44.7282338, 20.4307293)",7.499237591
143,620,nedeljka gvozdenovica,"(44.8105774, 20.3684544)",7.448406242999999
144,740,ratka resanovica,"(44.7467889, 20.4006225)",7.397929563
145,1045,zemljoradnicka,"(44.7397987, 20.5103722)",7.39067595
146,842,skopljanska,"(44.8564358, 20.3791761)",7.341110692999999
147,458,ljubise miodragovica,"(44.7900924, 20.5470005)",7.340443792
148,228,dragana lukica,"(44.8140775, 20.3701006)",7.303841791
149,619,nede spasojevic,"(44.813368, 20.3702655)",7.291899706000001
150,0,jurija gagarina,"(44.8009253, 20.3717127)",7.274184335
151,416,knezevacka,"(44.7318473, 20.4298488)",7.246137946
152,658,patrijarha joanikija,"(44.7363189, 20.4197449)",7.238565106
153,731,prvoboraca,"(44.7322846, 20.4291136)",7.233348274
154,117,branislava stankovica,"(44.82579579999999, 20.5486151)",7.210275854
155,25,aleksandra belica,"(44.7884712, 20.5447821)",7.2078114939999995
156,334,ivana sarica,"(44.78937579999999, 20.5443662)",7.153349893
157,1014,vojni put,"(44.8424988, 20.3766641)",7.1041679470000005
158,181,dr ivana ribara,"(44.7949147, 20.3752747)",7.090808907
159,76,bele vode,"(44.7501553, 20.4028275)",7.074705927999999
160,187,dusana vukasovica,"(44.8027678, 20.3739338)",7.072688474
161,48,atanasija pulje,"(44.8365367, 20.3754285)",7.070273311
162,556,milajkovacke staze,"(44.7295364, 20.4714882)",7.0626612920000005
163,436,krajiska,"(44.8392875, 20.3765356)",7.0397277439999995
164,496,m. celebonovica,"(44.8211613, 20.3735367)",7.0365036110000005
165,503,marka celebonovica,"(44.8211613, 20.3735367)",7.0365036110000005
166,531,marsala tita,"(44.82905840000001, 20.5459945)",7.034300546
167,605,mome stanojlovica,"(44.7358793, 20.4280345)",6.9931182110000005
168,983,vinogradski venac,"(44.74366620000001, 20.4131341)",6.990428405
169,762,raska dimitrijevica,"(44.8132054, 20.3740272)",6.9875589179999995
170,955,vidikovacki venac,"(44.739796, 20.419879)",6.983393791
171,231,draginje adamovic,"(44.8171571, 20.5463082)",6.979651757
172,708,pirandelova,"(44.77885269999999, 20.5378544)",6.97487849
173,543,mihaila bulgakova,"(44.7868585, 20.5407407)",6.940326927999999
174,1026,vojvodjanska,"(44.8073706, 20.3750482)",6.936175544
175,457,ljubinke bobic,"(44.8145505, 20.3748322)",6.919711104
176,467,leonarda da vincija,"(44.8243028, 20.5450973)",6.914088369
177,331,ismeta mujezinovica,"(44.8155547, 20.3754418)",6.869455102000001
178,828,sestara jankovic,"(44.8140526, 20.5449072)",6.867122491
179,790,sremskih boraca,"(44.8482124, 20.3829195)",6.787416601
180,395,karlovacka,"(44.8540126, 20.3858345)",6.770908615
181,809,samjuela beketa,"(44.7901404, 20.539577)",6.7647917710000005
182,352,jelenov zleb,"(44.75269850000001, 20.4059304)",6.754287656
183,78,belo vrelo,"(44.7495678, 20.4099691)",6.746390266000001
184,130,brace vuckovic,"(44.7542721, 20.4043382)",6.7439602579999995
185,169,cerski venac,"(44.7448968, 20.4174149)",6.721682536
186,660,pedje milosavljevica,"(44.81718960000001, 20.3774501)",6.70737416
187,260,filipa visnjica,"(44.8539537, 20.3869707)",6.686869525
188,564,milana sarca,"(44.7507339, 20.409991)",6.670187928
189,102,borivoja stevanovica,"(44.77671369999999, 20.5324028)",6.659940576
190,121,branka copica,"(44.77671369999999, 20.5324028)",6.659940576
191,223,dr velimirovica,"(44.77671369999999, 20.5324028)",6.659940576
192,353,jelezovacka,"(44.77671369999999, 20.5324028)",6.659940576
193,391,kapetana milosa zunjica,"(44.77671369999999, 20.5324028)",6.659940576
194,587,mirka banjevica,"(44.77671369999999, 20.5324028)",6.659940576
195,663,pere veljkovica,"(44.77671369999999, 20.5324028)",6.659940576
196,735,pupinova,"(44.77671369999999, 20.5324028)",6.659940576
197,903,svetozara zorica,"(44.77671369999999, 20.5324028)",6.659940576
198,991,vjekoslava africa,"(44.77671369999999, 20.5324028)",6.659940576
199,999,vladimira mitrovica,"(44.77671369999999, 20.5324028)",6.659940576
200,1004,vladislava bajcevica,"(44.77671369999999, 20.5324028)",6.659940576
201,450,krste sretenovica,"(44.751516, 20.4095632)",6.641444456
202,89,bitoljska,"(44.748661, 20.4134533)",6.640065143999999
203,1035,zagorska,"(44.8460707, 20.3840473)",6.637362388
204,938,ulofa palmea,"(44.7905424, 20.5376744)",6.608092653
205,171,crvenih hrastova,"(44.74495109999999, 20.4201428)",6.606508015
206,24,alaska,"(44.8544096, 20.3886462)",6.58405601
207,155,cara dusana,"(44.8544096, 20.3886462)",6.58405601
208,847,slavka rodica,"(44.73901, 20.4342484)",6.580497555
209,430,koste nadja,"(44.7931293, 20.5380947)",6.578489151
210,911,teodora mirijevskog,"(44.7931293, 20.5380947)",6.578489151
211,799,stojana stoleta arandjelovica,"(44.8129423, 20.5407327)",6.531609641
212,707,pilota milorada petrovica,"(44.7430051, 20.4262421)",6.52077302
213,1010,vojina djurasinovica,"(44.7881743, 20.5357089)",6.520645611
214,1011,vojina djurasinovica - kostje,"(44.7881743, 20.5357089)",6.520645611
215,469,leposave vujosevic,"(44.7531143, 20.4100196)",6.516938497000001
216,577,milorada umljenovica,"(44.7591504, 20.4034288)",6.50827709
217,706,pilota mihaila petrovica,"(44.7425688, 20.4277495)",6.502481897000001
218,610,nehruova,"(44.8007958, 20.3816065)",6.486986817000001
219,592,mitra trifunovica uce,"(44.89553069999999, 20.4676997)",6.478908454
220,540,mese selimovica,"(44.79458899999999, 20.5369869)",6.459674397000001
221,891,surcinski put,"(44.8263283, 20.3812473)",6.453970721
222,752,radovana milosevica,"(44.75339959999999, 20.4109975)",6.449585107000001
223,728,prote milorada pavlovica,"(44.7549344, 20.4091351)",6.448109983999999
224,694,pere segedinca,"(44.81124579999999, 20.3809954)",6.430559307
225,745,rabelova,"(44.7877727, 20.5343485)",6.428764892999999
226,746,rableova,"(44.7877727, 20.5343485)",6.428764892999999
227,747,rada koncara,"(44.841911, 20.3852713)",6.427065879
228,721,pregrevica,"(44.8547542, 20.3915316)",6.392734767
229,4,visnjicki venac,"(44.8181389, 20.5388707)",6.378647456
230,133,breza,"(44.74751699999999, 20.4215518)",6.369272682
231,935,trscanska,"(44.8545568, 20.3921915)",6.3383136
232,480,ljubice ivosevic dimitrov,"(44.7488363, 20.4202607)",6.329261222
233,481,ljubice ivosevic,"(44.7488363, 20.4202607)",6.329261222
234,781,silerova,"(44.84492909999999, 20.3879805)",6.306979365
235,402,kestenova,"(44.7479257, 20.423533)",6.262683286000001
236,382,kadinjacka,"(44.7488834, 20.4218935)",6.259300139
237,696,petefijeva,"(44.7510766, 20.4183458)",6.256694123
238,574,miljakovacki vinogradi,"(44.7391059, 20.4542664)",6.246091604
239,704,petrarkina,"(44.7906275, 20.5326803)",6.222476539
240,849,slobodana jovanovica,"(44.8163508, 20.5366126)",6.19324017
241,1050,zlatiborska,"(44.78072909999999, 20.5277134)",6.1715013160000005
242,647,omorika,"(44.7475988, 20.4267807)",6.16594588
243,1008,vodovodska,"(44.7609441, 20.4078887)",6.15181804
244,184,dragana rakica,"(44.8465323, 20.3909227)",6.13765019
245,1052,zmajevacka,"(44.762127, 20.4071889)",6.122375139
246,585,mirijevski venac,"(44.7918319, 20.5316822)",6.114269889
247,263,gandijeva,"(44.8068876, 20.3853732)",6.1087224760000005
248,843,slanacki put,"(44.8152068, 20.5354647)",6.100410266
249,328,ilije djuricica,"(44.7593988, 20.4109171)",6.079158852000001
250,814,sava burica,"(44.8445888, 20.3911829)",6.056252292000001
251,11,16. oktobar,"(44.7880687, 20.5294825)",6.0527203279999995
252,875,stevana lukovica,"(44.74470820000001, 20.4379767)",6.047907534
253,267,grge jankesa,"(44.7926156, 20.5310222)",6.043436552
254,932,tribalska,"(44.7838848, 20.5274813)",6.040479561000001
255,748,radivoja markovica,"(44.7916969, 20.5306578)",6.039209367000001
256,1054,zorina,"(44.7588259, 20.4124244)",6.035143001000001
257,125,"brace jerkovic, kod okretnice","(44.789116, 20.5294515)",6.019209655
258,1068,okretnica,"(44.789116, 20.5294515)",6.019209655
259,597,mice radakovica,"(44.8428526, 20.3910473)",6.013958242999999
260,1036,zagradje br. 2,"(44.7965788, 20.5318159)",6.012844575
261,1039,zagradje,"(44.796618, 20.5317956)",6.010427625
262,931,trgovacka,"(44.7571221, 20.4150492)",6.009855442999999
263,186,dusana vlajica,"(44.7634681, 20.4081874)",5.988178467000001
264,854,spasenoviceva,"(44.757784, 20.414995)",5.970084667
265,779,savnicka,"(44.7525412, 20.4227766)",5.966983203
266,680,partizanske avijacije,"(44.8211856, 20.3872408)",5.928340639
267,959,vojvode vlahovica,"(44.75989130000001, 20.5068129)",5.9085779689999995
268,207,dimitrija koturovica,"(44.7457731, 20.4409808)",5.89663346
269,853,snezane hrepevnik,"(44.7472697, 20.4361984)",5.896017318999999
270,315,hopovska,"(44.8882135, 20.4537213)",5.880763937
271,152,cvetanova cuprija,"(44.7674746, 20.5139649)",5.866904502000001
272,10,114. nova,"(44.79914489999999, 20.3898319)",5.863367534
273,606,moravske divizije,"(44.8879303, 20.4551913)",5.848429401000001
274,318,ilije stojadinovica,"(44.7502183, 20.4307056)",5.838663111
275,591,mite stajica,"(44.8875484, 20.452348)",5.83815683
276,1009,voje radica,"(44.7452542, 20.4740222)",5.837763232
277,1007,vodice,"(44.7483557, 20.4361669)",5.813854891
278,30,ace joksimovica,"(44.7560462, 20.4211285)",5.796049712
279,232,dragise brasovana,"(44.8190341, 20.3887754)",5.794139163
280,105,bosanska,"(44.7771591, 20.5201435)",5.786613504
281,288,gornjogradska,"(44.8442769, 20.3946912)",5.7845775370000005
282,988,vitezova karadjordjeve zvezde,"(44.7944542, 20.5281487)",5.776025066
283,506,matice srpske,"(44.7898875, 20.5264746)",5.771715079
284,494,luke vojvodica,"(44.7495366, 20.4347906)",5.7626790770000005
285,719,porucnika spasica i masare,"(44.76433460000001, 20.4112968)",5.762351791
286,612,nikole dobrovica,"(44.816653, 20.3893054)",5.746056014
287,242,drinske divizije,"(44.8867002, 20.4559827)",5.744805144
288,526,marije bursac,"(44.83377249999999, 20.3916684)",5.739131836
289,511,miloja zakica,"(44.751543, 20.4309669)",5.732091905
290,95,bogdana zerajica,"(44.7459272, 20.4503021)",5.731115717000001
291,278,generala vladimira kondica,"(44.7550561, 20.4960835)",5.728096407000001
292,739,ratka mitrovica,"(44.7558808, 20.423322)",5.712287984
293,876,stevana opacica,"(44.74589779999999, 20.4546539)",5.694849756
294,832,sevina,"(44.8859205, 20.4544579)",5.690495255
295,742,repiska,"(44.7610532, 20.4165466)",5.684062644
296,489,losinjska,"(44.7858855, 20.5233819)",5.670792125
297,514,mirijevsko brdo,"(44.803237, 20.5289905)",5.669718262999999
298,586,mirijevsko brdo-mirijevski bulevar,"(44.803237, 20.5289905)",5.669718262999999
299,855,spasovdanska,"(44.7597489, 20.4187349)",5.660107072000001
300,560,milana jovanovica,"(44.7625095, 20.415253)",5.659078661000001
301,865,stanka paunovica velje,"(44.7466211, 20.45318)",5.647192997
302,866,stanka paunovica,"(44.7466211, 20.45318)",5.647192997
303,14,2. srpske armije,"(44.7550959, 20.4940775)",5.644466532999999
304,47,arhimandrita gerasima zelica,"(44.7540482, 20.4288479)",5.6233267179999995
305,954,veljka petrovica,"(44.7573279, 20.423113)",5.6217127510000005
306,641,ohridska,"(44.8450067, 20.3972928)",5.616225298
307,28,arcibalda rajsa,"(44.7550491, 20.4275193)",5.60118814
308,880,stojana aralice,"(44.8192754, 20.39124)",5.595491743999999
309,629,nikole marakovica,"(44.7471085, 20.4595309)",5.579227017999999
310,1002,vladimira rolovica,"(44.7578387, 20.4239828)",5.549162625
311,848,slavoljuba vuksanovica,"(44.7476987, 20.4579849)",5.534040025
312,780,sejkina,"(44.8022585, 20.5267797)",5.509032996
313,282,godominska,"(44.7513223, 20.4394693)",5.500323116000001
314,885,studentska,"(44.8271585, 20.3933394)",5.494519927000001
315,751,radomira markovica,"(44.750353, 20.4772069)",5.491815514
316,972,velizara stankovica,"(44.7483382, 20.4569805)",5.485505465
317,565,milanke kljajic,"(44.79784859999999, 20.5251921)",5.46790048
318,776,ruze jovanovic,"(44.7861984, 20.5207121)",5.464950088999999
319,179,dobanovacka,"(44.8476229, 20.4006754)",5.464935467999999
320,460,ladne vode,"(44.79733239999999, 20.5249737)",5.462255449
321,563,milana toplice,"(44.8831356, 20.4572564)",5.45094957
322,1081,djordja ognjanovica,"(44.7640173, 20.4175562)",5.44577773
323,978,veselina cajkanovica,"(44.7683502, 20.5074175)",5.433681693
324,554,mikenska,"(44.7771376, 20.5148682)",5.433622197
325,364,jovanke radakovic 37 d,"(44.7944079, 20.5235794)",5.425286797999999
326,940,ugrinovacka,"(44.8460312, 20.4005411)",5.415243857
327,877,stevana djurdjevica trosarinca,"(44.7766728, 20.4061905)",5.412113743
328,950,v. nikolica,"(44.8373715, 20.397104)",5.400553884
329,220,dr drage ljocic,"(44.8014594, 20.5252345)",5.400130054
330,1072,celebicka,"(44.7498516, 20.451766)",5.400069799
331,687,paunova ulica,"(44.7524155, 20.4797709)",5.387653386
332,883,strugarska,"(44.7777404, 20.4061426)",5.364854385
333,279,generala stefanika,"(44.7581644, 20.4924406)",5.362646034
334,357,josipa kulundzica,"(44.8400638, 20.3989119)",5.3380119619999995
335,413,kneza mutimira,"(44.7834495, 20.5174747)",5.337104323999999
336,520,majke angeline,"(44.7876471, 20.5195964)",5.332405232
337,57,borska,"(44.750415, 20.4556424)",5.323804126000001
338,600,mladena mitrica,"(44.7780577, 20.4065976)",5.319897186
339,635,novogradska,"(44.84553409999999, 20.4016677)",5.315577072
340,286,gorana kovacica,"(44.8382507, 20.3986645)",5.30481293
341,234,dragoljuba ristica,"(44.7924612, 20.5212942)",5.304801664
342,546,mihaila solohova,"(44.8813846, 20.4591859)",5.304450692
343,145,bulevar peka dapcevica,"(44.7597975, 20.4937814)",5.302412326000001
344,766,ristin potok,"(44.7696427, 20.5063678)",5.299414412
345,1032,vukasoviceva,"(44.7506025, 20.4587344)",5.297113483
346,963,valjevska,"(44.7721895, 20.411734)",5.291937309
347,631,nikole vucete,"(44.7779348, 20.4076189)",5.258349664
348,536,medakovic 3,"(44.7722771, 20.5079556)",5.244668591
349,595,mitrovo brdo nova 1,"(44.7631892, 20.4976123)",5.241745122
350,332,ivana micurina,"(44.751573, 20.4540936)",5.240540453
351,431,koste trifkovica,"(44.78893739999999, 20.5186385)",5.2176967560000005
352,403,kijevska,"(44.7749655, 20.4105691)",5.216332416
353,144,bulevar oslobodjenja,"(44.7560257, 20.4832856)",5.204247951
354,639,obalskih radnika,"(44.7798485, 20.4075221)",5.175483419
355,405,kisela voda,"(44.7913876, 20.5191176)",5.1733743930000005
356,928,trebevicka,"(44.771518, 20.4143677)",5.1732215980000005
357,367,jur. gagarina,"(44.8029141, 20.3980762)",5.144472497
358,557,milana ajvaza,"(44.8792546, 20.4606872)",5.131335942
359,124,"brace jerkovic, kod mol pumpe","(44.7631211, 20.4950423)",5.1286750969999995
360,365,jovanke radakovic,"(44.7992378, 20.5212179)",5.127451131
361,137,Bulevarkralja aleksandra,"(44.78796730000001, 20.516884)",5.12327415
362,996,vladimira gortana,"(44.7862498, 20.5158278)",5.110709138
363,246,dusana radovica,"(44.79419009999999, 20.5193841)",5.110580173
364,249,duska radovica,"(44.79419009999999, 20.5193841)",5.110580173
365,302,gusinjska,"(44.7856832, 20.5154343)",5.104500938999999
366,60,brace srnic,"(44.7734991, 20.5065976)",5.0966097999999995
367,930,trg oslobodjenja,"(44.878116, 20.4515814)",5.087076959
368,778,salvadora aljendea,"(44.8071293, 20.5223207)",5.085258495
369,665,pozeska,"(44.7738858, 20.4137645)",5.077664233999999
370,1041,zanatska,"(44.7537048, 20.4544881)",5.065539483999999
371,926,tosin bunar,"(44.8299484, 20.3993135)",5.063486917
372,389,kanarevo brdo,"(44.7540124, 20.4534458)",5.049171642
373,414,kneza viseslava,"(44.7607989, 20.431277)",5.046787307
374,549,mihajla todorovica,"(44.7803795, 20.5112759)",5.044326244
375,513,mirijevski bulevar,"(44.8119702, 20.5223021)",5.043611767
376,91,blagoja parovica,"(44.76759269999999, 20.4210761)",5.040917317
377,136,budmanijeva,"(44.7903265, 20.5168144)",5.03642639
378,701,petra lekovica,"(44.7713345, 20.4169992)",5.032949625
379,686,paunova,"(44.7561938, 20.476942)",5.029152979
380,75,bele bartok,"(44.876928, 20.4506365)",5.003011498999999
381,792,srpskih udarnih brigada,"(44.7547645, 20.4540289)",4.983615451
382,628,nikole doksata,"(44.7998294, 20.5194555)",4.977028518
383,83,beranska,"(44.7587749, 20.48249)",4.973187406
384,964,valjevskih odreda,"(44.8772325, 20.4600316)",4.9673152069999995
385,230,dragice koncar,"(44.7685019, 20.498853)",4.959756155
386,771,rudo,"(44.7844546, 20.5126226)",4.95639869
387,772,rudo 1,"(44.7844546, 20.5126226)",4.95639869
388,773,rudo i,"(44.7844546, 20.5126226)",4.95639869
389,329,indire gandi,"(44.7697648, 20.5002002)",4.951624207
390,825,senjska,"(44.7784419, 20.5083984)",4.949617443
391,609,murmanska 9,"(44.795282, 20.5176437)",4.94777382
392,90,blagajska,"(44.7832819, 20.5117375)",4.9452626319999995
393,1037,zivka davidovica,"(44.7880373, 20.5143808)",4.939562044
394,934,trstenjakova,"(44.756025, 20.449206)",4.937354879
395,338,iviceva,"(44.8422025, 20.405269)",4.934481081
396,377,kraljice katarine,"(44.7718595, 20.4182922)",4.929692659
397,570,milica rakica,"(44.7800511, 20.5091706)",4.920953705
398,537,medakoviceva,"(44.7730807, 20.502911)",4.90427956
399,750,radoja dakica,"(44.8317886, 20.4019992)",4.888644477
400,951,v. stepe,"(44.7609797, 20.4848242)",4.881387742
401,958,vojvode stepe,"(44.7609797, 20.4848242)",4.881387742
402,1024,vojvode stepe br.,"(44.7609797, 20.4848242)",4.881387742
403,702,petra mecave,"(44.779212, 20.4124957)",4.8796178
404,651,orfelinova,"(44.7759547, 20.4152116)",4.878382959
405,621,nedeljka cabrinovica,"(44.7753065, 20.4158665)",4.874184576
406,1,olge alkalaj,"(44.7809745, 20.5090767)",4.870894182
407,741,ratnih vojnih invalida,"(44.8756285, 20.4532675)",4.86980829
408,343,jna,"(44.87588359999999, 20.457429)",4.86315605
409,138,Bulevar arsenija carnojevica,"(44.8213485, 20.4006216)",4.848442503
410,1066,kod skole,"(44.808806, 20.4009123)",4.8397562039999995
411,985,visnjicka,"(44.8174733, 20.5196064)",4.816432791
412,81,beogradskih bataljona,"(44.7717112, 20.4205216)",4.815927287
413,466,laze stefanovica,"(44.8060565, 20.5187286)",4.810905334
414,261,focanska,"(44.7942446, 20.5153387)",4.8025513019999995
415,662,pere velimirovica,"(44.757309, 20.4535403)",4.782781365
416,333,ivana milutinovica,"(44.8748077, 20.4616909)",4.77230408
417,1030,vrtlarska,"(44.8394085, 20.4063446)",4.761085527
418,691,pecska,"(44.7610158, 20.4809939)",4.7601582
419,710,piva karamatijevica,"(44.7671972, 20.4928741)",4.756277358999999
420,401,kej oslobodjenja,"(44.8489813, 20.4118568)",4.745575038999999
421,558,milana balagojevica spanca,"(44.7579296, 20.4523963)",4.744274589
422,1063,kod pionira,"(44.7783778, 20.4154203)",4.737207105
423,305,husinskih rudara,"(44.81444219999999, 20.5185546)",4.731157614
424,321,izvorska,"(44.7743146, 20.4195309)",4.716744782
425,36,aleksandra fleminga,"(44.8079252, 20.5178032)",4.713710427
426,323,ignjata joba,"(44.7724324, 20.4986686)",4.707173292
427,603,mokroluska,"(44.7762873, 20.5024337)",4.6954746389999995
428,85,bertranda rasela,"(44.8452778, 20.4102778)",4.692797887
429,312,hemingvejeva,"(44.8452778, 20.4102778)",4.692797887
430,361,jovana stoisavljevica,"(44.8452778, 20.4102778)",4.692797887
431,465,laze jovanovica porcija,"(44.8452778, 20.4102778)",4.692797887
432,627,nikolaja ostrovskog,"(44.8452778, 20.4102778)",4.692797887
433,689,pazinska,"(44.7622545, 20.4818193)",4.690979085
434,37,aleksandra tirnanica tirketa,"(44.75865599999999, 20.4526101)",4.683626384
435,324,ignjata joba 45/,"(44.7726392, 20.4984619)",4.683520405
436,189,danice markovic,"(44.7837947, 20.5081028)",4.675797588
437,715,pohorska,"(44.830072, 20.4042989)",4.6730362780000005
438,1091,zarka vukovica pucara,"(44.777334, 20.4176002)",4.659640942
439,1074,cika mise djurica,"(44.8071923, 20.517013)",4.658959288
440,201,deset avijaticara,"(44.7833653, 20.5075481)",4.65817398
441,948,uciteljska,"(44.7869819, 20.5098262)",4.657012751
442,154,cankareva,"(44.8246921, 20.4036337)",4.63899409
443,434,kozarceva,"(44.7862444, 20.5090117)",4.630904247
444,1064,kod crkve,"(44.76196239999999, 20.4788687)",4.629361357
445,882,strazilovska,"(44.7630703, 20.4814224)",4.617633245
446,447,kremanska,"(44.7717558, 20.4244508)",4.606573996
447,874,stevana dukica,"(44.8121196, 20.5168768)",4.604055242
448,858,sremskih odreda,"(44.8304149, 20.4053508)",4.597439695
449,344,jovana bijelica,"(44.7693815, 20.491946)",4.567485143
450,714,podujevska,"(44.7905329, 20.5102596)",4.550085773999999
451,271,garsije lorke,"(44.8089534, 20.5158541)",4.546165268
452,292,gospodska,"(44.8450287, 20.4123504)",4.538247308
453,280,glavna,"(44.8440023, 20.4117523)",4.537482026
454,789,sonje marinkovic,"(44.8718842, 20.4591652)",4.534602999
455,227,dr. zore ilic obradovic,"(44.7812614, 20.5040056)",4.528461365
456,655,otona zupancica,"(44.8342052, 20.4074425)",4.5247019989999995
457,615,narodnih heroja,"(44.82158039999999, 20.4047143)",4.520054895
458,737,radovana simica cige,"(44.7745211, 20.4974239)",4.513677111
459,1090,scerbinova,"(44.781849, 20.4164811)",4.493383927
460,15,22 oktobar,"(44.83939290000001, 20.4101808)",4.4772359239999995
461,16,22. oktobra,"(44.83939290000001, 20.4101808)",4.4772359239999995
462,507,mestroviceva,"(44.7699322, 20.4906689)",4.4727069880000005
463,435,kozacinskog,"(44.7820457, 20.4168137)",4.462325291
464,661,pera cetkovica,"(44.8096279, 20.5147871)",4.453760652
465,878,steve todorovica,"(44.77709050000001, 20.421567)",4.44066819
466,1003,vladimira tomanovica,"(44.7809198, 20.5022385)",4.434738653
467,194,danteova,"(44.8109956, 20.514666)",4.432610104
468,394,karla lukaca,"(44.7825161, 20.5033041)",4.42098659
469,423,konstantina filozofa,"(44.7649457, 20.4795299)",4.420270486000001
470,589,mis irbijeva,"(44.7881782, 20.5070543)",4.414209556
471,1038,zage malivuk,"(44.7881782, 20.5070543)",4.414209556
472,679,pariske komune,"(44.8267538, 20.4069804)",4.401327987
473,463,lazara savatica,"(44.8454087, 20.4146442)",4.397100236
474,846,slavka curuvije,"(44.762038, 20.454584)",4.392598896
475,208,diplomatsko naselje,"(44.7763175, 20.4232246)",4.392584463
476,498,magistratski trg,"(44.8438658, 20.4138359)",4.3864476230000005
477,898,svetog klimenta,"(44.788933, 20.5070932)",4.386070353
478,251,dzona kenedija,"(44.83333469999999, 20.409)",4.382410047
479,645,omladinskih brigada,"(44.8165398, 20.4061756)",4.378742741
480,265,glasinacka,"(44.7820682, 20.5017786)",4.346785758999999
481,607,mosorska,"(44.7655494, 20.4781321)",4.335269594
482,764,ribarceva,"(44.8444728, 20.4149998)",4.33197154
483,205,diane budisavljevic,"(44.76274799999999, 20.4554594)",4.328496297
484,224,dr velizara kosanovica,"(44.7887226, 20.5059144)",4.3122462839999995
485,6,109 nova,"(44.8052423, 20.4084081)",4.286212053
486,1042,zaplanjska,"(44.7739158, 20.4922386)",4.283208668
487,58,brace jerkovic,"(44.7725087, 20.4902702)",4.28167233
488,404,kirovljeva,"(44.7843999, 20.417869)",4.278569753
489,104,borcanskih zrtava,"(44.86852469999999, 20.4593737)",4.262073752
490,659,patrisa lumumbe,"(44.8148787, 20.5126316)",4.250422689
491,222,dr petra markovica,"(44.8422553, 20.4148641)",4.24827806
492,366,juhorska,"(44.8130553, 20.5125282)",4.247622488
493,992,vjekoslava kovaca,"(44.7935483, 20.5075002)",4.2416498680000005
494,971,velisava vulovica,"(44.763839, 20.456804)",4.231949118999999
495,484,ljubicica,"(44.8056708, 20.4090344)",4.229540912
496,82,beogradskih graditelja,"(44.7858733, 20.4176543)",4.22250245
497,98,bore markovica,"(44.781992, 20.4207199)",4.220198792
498,495,lukijana musickog,"(44.7983583, 20.5090473)",4.207787385
499,815,save kovacevica,"(44.8500355, 20.49926)",4.201990833
500,281,goce delceva,"(44.830367, 20.4104847)",4.195375021
501,362,jovana subotica,"(44.8418156, 20.4153999)",4.192841323
502,703,petra skundrica,"(44.7893052, 20.5044654)",4.187229554
503,339,j. ilica,"(44.78432710000001, 20.5008679)",4.175013052
504,1013,vojislava ilica,"(44.78432710000001, 20.5008679)",4.175013052
505,730,prve pruge,"(44.8361267, 20.4128106)",4.174552068000001
506,729,prva pruga,"(44.8361455, 20.4129741)",4.1629626989999995
507,314,homoljska,"(44.815495, 20.5114705)",4.155600434
508,1065,kod vera,"(44.81360859999999, 20.5113834)",4.152697723
509,676,pana djukica,"(44.8142501, 20.5113765)",4.15009398
510,759,rastka petrovica,"(44.7766686, 20.4930138)",4.148006018999999
511,562,milana raspopovica,"(44.7697731, 20.4815284)",4.122054648
512,1055,zrmanjska,"(44.7844963, 20.4202521)",4.120474604
513,393,kapetana zavisica,"(44.7685377, 20.4780775)",4.1063302639999995
514,477,ljube davidovica,"(44.789936, 20.5036559)",4.104666422
515,796,stevana markovica,"(44.8418588, 20.4172895)",4.062751375
516,561,milana rakica,"(44.7962363, 20.5062579)",4.060336468
517,584,mine vukomanovic,"(44.7881449, 20.5018736)",4.060131439
518,381,kablarska,"(44.8341357, 20.4135494)",4.0581578789999995
519,206,diljska,"(44.8154897, 20.5102427)",4.05609776
520,1075,cingrijina,"(44.797894, 20.5068439)",4.053644243
521,860,srneticka,"(44.8142912, 20.5101591)",4.051370225
522,510,miloja djaka,"(44.7661512, 20.4575837)",4.041158483999999
523,142,bulevar milutina milankovica,"(44.8122001, 20.410675)",4.02526325
524,345,jovana miodragovica,"(44.8366123, 20.4151028)",4.0205300710000005
525,151,crnotravska,"(44.7672347, 20.4687202)",4.007734108
526,634,nodilova,"(44.7843087, 20.4223511)",3.997928157
527,53,bana ivanisa,"(44.79899260000001, 20.5065114)",3.9970511839999996
528,542,mihaila avramovica,"(44.7667295, 20.4624418)",3.9928655660000003
529,502,marijane gregoran,"(44.8131585, 20.5093694)",3.991541095
530,448,krizaniceva,"(44.7899276, 20.501812)",3.977534608
531,1023,vojvode sime popovica,"(44.8001982, 20.5062819)",3.9469217989999996
532,470,limska,"(44.7851895, 20.4978624)",3.9409317739999996
533,392,kapetana radica petrovica,"(44.8369033, 20.4163474)",3.9391679969999998
534,191,danila lekica spanca,"(44.8057469, 20.412721)",3.9357365719999997
535,509,milana vujaklije,"(44.8057469, 20.412721)",3.9357365719999997
536,982,viktora novaka,"(44.8057469, 20.412721)",3.9357365719999997
537,114,brace miladinova,"(44.791537, 20.5021781)",3.93557397
538,406,klinska,"(44.8341717, 20.4152889)",3.928239628
539,175,danila bojovica,"(44.7725294, 20.4808519)",3.896510239
540,690,pastroviceva,"(44.784961, 20.4237235)",3.8788016360000004
541,675,palmira toljatija,"(44.8264535, 20.4135981)",3.871754586
542,296,gramsijeva,"(44.8316288, 20.415135)",3.8672420869999997
543,371,karadjordjev trg,"(44.837006, 20.4174505)",3.8623684369999998
544,800,suncokreta,"(44.8285564, 20.4143975)",3.850281283
545,146,bulevar umetnosti,"(44.8173351, 20.4127841)",3.8445257980000003
546,107,bose milicevic,"(44.7712519, 20.4757422)",3.8350030760000005
547,632,niksicka,"(44.7726929, 20.4790007)",3.82229563
548,39,aleksinackih rudara,"(44.827609, 20.4146711)",3.8091264469999997
549,373,klare cetkin,"(44.83215329999999, 20.416139)",3.804953608
550,356,joce jovanovica,"(44.7691933, 20.4587889)",3.79076346
551,66,baje pivljanina,"(44.7695484, 20.4555747)",3.7788919080000003
552,350,jastrebacka,"(44.81372100000001, 20.5067074)",3.773705821
553,947,ucitelja milosa jankovica,"(44.7984758, 20.5033287)",3.771386577
554,432,kostolacka,"(44.7734408, 20.4777164)",3.725890083
555,61,Bulevarz djindjica,"(44.8193461, 20.4146442)",3.702397015
556,147,bulevar z. djindjica,"(44.8193461, 20.4146442)",3.702397015
557,426,koste abrasevica,"(44.7935747, 20.499976)",3.698652674
558,886,suboticka,"(44.7930465, 20.499516)",3.687559844
559,348,jablanicka,"(44.8231076, 20.4154881)",3.6699358280000003
560,472,ljermontova,"(44.7829859, 20.4911649)",3.665226834
561,473,ljermontovljeva,"(44.7829859, 20.4911649)",3.665226834
562,749,radnicka,"(44.7902607, 20.4231521)",3.6535423610000004
563,1019,vojvode micka krstica,"(44.8156019, 20.5049062)",3.6235252539999996
564,937,ulcinjska,"(44.7924707, 20.4979214)",3.600907468
565,671,pakracka,"(44.857174, 20.4764973)",3.593212295
566,682,partizanski blok,"(44.8416135, 20.495829)",3.559114299
567,1082,djordja radojlovica,"(44.772577, 20.457557)",3.521315452
568,793,stanislava sremcevica,"(44.79427, 20.4973188)",3.483774211
569,915,tina ujevica,"(44.81469449999999, 20.5030806)",3.4769334489999997
570,973,veljka dugosevica,"(44.8052845, 20.5014763)",3.4551841619999997
571,380,kumodraska,"(44.778298, 20.4801841)",3.454409464
572,266,grge andrijanovica,"(44.8460549, 20.4903289)",3.452366244
573,722,presevska,"(44.798566, 20.4990608)",3.4502319310000003
574,62,Bulevar zorana djindjica,"(44.8175329, 20.4179972)",3.422785442
575,624,neznanog junaka,"(44.7737731, 20.4618353)",3.420429637
576,8,110. nova,"(44.8173702, 20.4181035)",3.41370424
577,346,jove ilica,"(44.77625279999999, 20.4739022)",3.40320479
578,202,despota olivera,"(44.795264, 20.4966567)",3.3970779939999995
579,834,sime lozanica,"(44.7743736, 20.4651856)",3.393342117
580,293,gostivarska,"(44.7773409, 20.4758361)",3.375635752
581,974,veljka lukica kurjaka,"(44.7749997, 20.4678225)",3.375475432
582,359,jovana popovica,"(44.778141, 20.4774226)",3.366868647
583,987,vitanovacka,"(44.778141, 20.4774226)",3.366868647
584,44,ante bogicevica,"(44.8000517, 20.4985289)",3.3629909860000002
585,1089,spanskih boraca,"(44.8143164, 20.419161)",3.328653538
586,442,kraljevacka,"(44.7798038, 20.4795203)",3.321403451
587,341,jelene cetkovic,"(44.795396, 20.495542)",3.3134051589999998
588,387,kalovita,"(44.82167099999999, 20.419753)",3.310756993
589,578,milosa zecevica,"(44.7974579, 20.4965266)",3.303559898
590,108,boska petrovica,"(44.77571349999999, 20.4650428)",3.2841410580000003
591,140,bulevar m. pupina,"(44.8209833, 20.4202124)",3.26645942
592,141,bulevar mihaila pupina,"(44.8209833, 20.4202124)",3.26645942
593,539,metohijska,"(44.7931913, 20.4934207)",3.263485841
594,233,dragise lapcevica,"(44.80736539999999, 20.4991895)",3.235676022
595,1029,vranjska,"(44.7963688, 20.4944895)",3.200132084
596,723,prespanska,"(44.7949527, 20.4936326)",3.199530026
597,724,pribojska,"(44.8173569, 20.4994149)",3.180423717
598,298,grocanska,"(44.793104, 20.4920386)",3.175817328
599,927,trajka stamenkovica,"(44.7953225, 20.4932459)",3.157062017
600,164,cede mijatovica,"(44.7980364, 20.4947336)",3.152873879
601,512,milutina milankovica,"(44.80688, 20.4223824)",3.151759677
602,294,gocka,"(44.8315472, 20.4957612)",3.147461925
603,69,banjickih zrtava,"(44.786187, 20.4357129)",3.123283261
604,571,milice jankovic,"(44.8149557, 20.4985607)",3.1101621230000003
605,303,gvozdiceva,"(44.7957744, 20.4927275)",3.102040615
606,355,jezdiceva,"(44.7957744, 20.4927275)",3.102040615
607,165,cegarska,"(44.8017189, 20.495722)",3.10132154
608,20,7 sutjeska,"(44.85015749999999, 20.4769625)",3.0878868130000003
609,894,sutjeska 7,"(44.85015749999999, 20.4769625)",3.0878868130000003
610,127,brace kovac,"(44.7861669, 20.4836838)",3.073636381
611,921,topaloviceva,"(44.797842, 20.4934126)",3.065733945
612,482,ljubice lukovic,"(44.8089684, 20.4973667)",3.0649531660000005
613,590,mite rakica,"(44.80437939999999, 20.4961619)",3.061707994
614,437,kralja bodina,"(44.7888559, 20.486514)",3.06082205
615,420,kolasinska,"(44.790097, 20.487555)",3.0502599189999997
616,803,svetomira nikolajevica,"(44.7958809, 20.4919331)",3.0428892000000003
617,535,mazuraniceva,"(44.788141, 20.4853644)",3.0393501689999995
618,317,hrvatska,"(44.8522835, 20.4691397)",3.033066602
619,237,drajzerova,"(44.7787346, 20.456258)",3.032606952
620,889,supilova,"(44.8073516, 20.4965588)",3.028047767
621,268,grcica milenka,"(44.7931995, 20.489824)",3.02705896
622,70,bata lakina,"(44.8146488, 20.4974023)",3.01707148
623,274,generala aracica,"(44.8146488, 20.4974023)",3.01707148
624,429,koste jovanovica,"(44.7801283, 20.4703055)",3.0161380110000002
625,910,teodora drajzera,"(44.7805621, 20.4490086)",3.007630368
626,966,varvarinska,"(44.7888254, 20.484969)",2.976750757
627,579,milovana glisica,"(44.7929976, 20.4315368)",2.9757439160000003
628,132,bregalnicka,"(44.7960843, 20.4910268)",2.972101588
629,918,todora dukina,"(44.7875163, 20.4833416)",2.9709444960000004
630,810,sanje zivanovic,"(44.7907689, 20.4336441)",2.965671361
631,398,kacanskog,"(44.7868667, 20.4380376)",2.963088354
632,649,oplenacka,"(44.7860423, 20.4811549)",2.959366555
633,291,gospodara vucica,"(44.79183339999999, 20.4873846)",2.945033418
634,451,krusevacka,"(44.7885911, 20.4840098)",2.939180993
635,581,milovana marinkovica,"(44.78088839999999, 20.4689817)",2.928989637
636,275,generala horvatovica,"(44.7921763, 20.4873863)",2.926770727
637,3,ustanicka,"(44.7862574, 20.4805863)",2.91877365
638,259,esad pasina,"(44.782544, 20.4736255)",2.917529617
639,734,pukovnika purica,"(44.7817867, 20.4715332)",2.9168026730000003
640,99,bore prodanovica,"(44.8072949, 20.4951265)",2.9162981219999997
641,110,boze jankovica,"(44.7829009, 20.4743176)",2.9122907110000003
642,43,anke matic,"(44.8504783, 20.4698287)",2.9057057910000004
643,319,istarska,"(44.7872147, 20.4387776)",2.904462241
644,441,kralja vladimira,"(44.7821282, 20.4713649)",2.886240556
645,209,djevdjelijska,"(44.79963739999999, 20.4916922)",2.874314418
646,100,bore vukmirovica,"(44.8155847, 20.4956193)",2.870884268
647,49,augusta cesarca,"(44.7822106, 20.4495697)",2.8665308539999996
648,1049,zivojina zujovica,"(44.801028, 20.4922083)",2.862125495
649,41,andre nikolica,"(44.7885743, 20.4379134)",2.8605944
650,668,prva sutjeska,"(44.84582400000001, 20.47898)",2.86035548
651,754,rajka mitica,"(44.7810187, 20.4646105)",2.8531095860000004
652,68,banjicki venac,"(44.7810543, 20.4647269)",2.8514458339999997
653,27,antofasisticke borbe,"(44.8141966, 20.4251799)",2.841751393
654,884,strumicka,"(44.7887662, 20.4822117)",2.8345778110000004
655,221,dr milutina ivkovica,"(44.7821727, 20.4514424)",2.827602048
656,836,simiceva,"(44.7821727, 20.4514424)",2.827602048
657,914,tetovska,"(44.7898001, 20.4832685)",2.825890106
658,264,garibaldijeva,"(44.7911194, 20.4841652)",2.796605785
659,917,tjentiste,"(44.85014899999999, 20.464208)",2.7912154339999997
660,238,dravska,"(44.797507, 20.4892606)",2.789385633
661,643,olge jovicic,"(44.84957350000001, 20.467514)",2.789330212
662,961,vajara djoke jovanovica,"(44.7840498, 20.4474135)",2.78491885
663,120,branka miljkovica,"(44.8486067, 20.470815)",2.783553337
664,177,dimitrija tucovica,"(44.80197099999999, 20.4914278)",2.77283229
665,384,kajuhova,"(44.84944230000001, 20.4668745)",2.7683462530000003
666,299,gruzanska,"(44.7964452, 20.4881449)",2.7617873210000004
667,555,miklosiceva,"(44.7903864, 20.482614)",2.7551752119999997
668,143,bulevar nikole tesle,"(44.8223964, 20.4269523)",2.7448484580000003
669,148,bulevar kneza aleksandra karadjordjevica,"(44.7823597, 20.45795)",2.7280291739999996
670,831,severni bulevar,"(44.81037389999999, 20.4933597)",2.725252486
671,284,golubacka,"(44.79843959999999, 20.4886061)",2.704334121
672,285,golubinacka,"(44.79843959999999, 20.4886061)",2.704334121
673,369,kajmakcalanska,"(44.79843959999999, 20.4886061)",2.704334121
674,459,ljutice bogdana,"(44.7826412, 20.461749)",2.702039762
675,31,admirala vukovica,"(44.7850905, 20.4723948)",2.6888765
676,939,uzicka,"(44.7842338, 20.4515755)",2.663380322
677,119,branka kesmanovica,"(44.7998699, 20.4888582)",2.663164386
678,300,"gruzanska, ispod vecitog mladozenje","(44.7970195, 20.4869898)",2.658421031
679,360,jovana rajica,"(44.7959997, 20.4860215)",2.644414726
680,997,vladimira karica,"(44.7926077, 20.4828556)",2.636114824
681,178,djakovacka,"(44.8013418, 20.4892383)",2.634370925
682,1086,djuriceva,"(44.8039893, 20.4901698)",2.615174165
683,949,uzicka 4,"(44.7855523, 20.4496675)",2.606877425
684,525,mariborska,"(44.80351830000001, 20.4896481)",2.590548025
685,867,stanka vraza,"(44.8047829, 20.4900599)",2.583687583
686,952,vele nigrinove,"(44.7957541, 20.4847974)",2.57919616
687,351,jedrenska,"(44.8008415, 20.4881729)",2.5765349459999998
688,758,ranka tajsica,"(44.7858291, 20.470305)",2.574512249
689,269,gajeva,"(44.7994598, 20.4873401)",2.573657014
690,1022,vojvode savatija,"(44.80217750000001, 20.4887858)",2.571554973
691,709,pirotska,"(44.7888716, 20.476684)",2.568933361
692,933,trise kaclerovica,"(44.7863424, 20.4710323)",2.554760549
693,253,evropska,"(44.786568, 20.4489216)",2.550275069
694,763,republicka,"(44.786568, 20.4489216)",2.550275069
695,823,senjacka,"(44.7914369, 20.4406451)",2.5410164330000002
696,1012,vojisalava vuckovica,"(44.7919134, 20.4400853)",2.5398240519999997
697,887,sumatovacka,"(44.7944286, 20.4828457)",2.531735189
698,819,sazonova,"(44.79547609999999, 20.4836387)",2.522076684
699,568,milentija popovica,"(44.8095765, 20.4298791)",2.510966071
700,599,mlade bosne,"(44.7923213, 20.4801606)",2.5065883159999998
701,905,timocka,"(44.7964293, 20.4841372)",2.503131345
702,168,cerska,"(44.79524370000001, 20.4830436)",2.498557412
703,399,kacerska,"(44.79524370000001, 20.4830436)",2.498557412
704,871,starca vujadina,"(44.7999737, 20.4865032)",2.494062027
705,128,brace radovanovic,"(44.79295279999999, 20.4802605)",2.473031923
706,368,juzni bulevar,"(44.793588, 20.4809591)",2.472651305
707,530,marka oreskovica,"(44.8034431, 20.4879127)",2.464067918
708,967,vase pelagica,"(44.7922152, 20.4416841)",2.439332727
709,204,decja,"(44.78984880000001, 20.4748218)",2.424379678
710,817,save tekelije,"(44.7970236, 20.4828769)",2.393680863
711,1085,djuke dinic,"(44.8028103, 20.4864389)",2.378205329
712,64,bulevar dr. zorana djindjica,"(44.8113162, 20.4312531)",2.375794532
713,225,dr zorana djindjica,"(44.8113162, 20.4312531)",2.375794532
714,594,mitropolita stratimirovica,"(44.78980780000001, 20.4734593)",2.375317334
715,196,debarska,"(44.7902988, 20.4740953)",2.3640171359999997
716,1025,vojvode supljikca,"(44.79990799999999, 20.4844983)",2.359603098
717,94,"blok 44, do save","(44.8084975, 20.4321456)",2.3524019369999998
718,139,Bulevar vojvode misica,"(44.79566699999999, 20.4395063)",2.348071124
719,527,marina,"(44.8009091, 20.4356231)",2.334996271
720,433,kovaceva,"(44.8126641, 20.4887997)",2.333215848
721,552,mije kovacevica,"(44.8126641, 20.4887997)",2.333215848
722,970,vatroslava jagica,"(44.80064549999999, 20.4844956)",2.327029559
723,965,vardarska,"(44.7949345, 20.4796824)",2.322272641
724,236,dragoslava srejovica,"(44.8162173, 20.4885452)",2.297503274
725,54,banjska,"(44.8036823, 20.4857563)",2.297421965
726,427,koste glavinica,"(44.7950108, 20.4411927)",2.291572401
727,188,danicareva,"(44.7972744, 20.4813254)",2.285028116
728,295,grahovska,"(44.7948659, 20.478747)",2.275573634
729,1033,vukice mitrovic,"(44.7976513, 20.4812844)",2.262404767
730,415,kneza od semberije,"(44.7998272, 20.4827775)",2.248312524
731,782,sime igumanova,"(44.7921633, 20.4744456)",2.2467743430000002
732,1077,colak antina,"(44.7939348, 20.4438602)",2.221598174
733,569,milesevska,"(44.7992162, 20.4815492)",2.198248701
734,717,popovacka,"(44.807189, 20.4349922)",2.162674226
735,1001,vladimira popovica,"(44.807189, 20.4349922)",2.162674226
736,491,loznicka,"(44.8003657, 20.4818134)",2.1593806669999998
737,1015,vojvode bogdana,"(44.8037019, 20.4837754)",2.15305925
738,544,mihaila gavrilovica,"(44.7921109, 20.4714936)",2.137549105
739,59,brace ribnikar,"(44.8064615, 20.4844709)",2.111979629
740,1084,djordja vajferta,"(44.7932076, 20.4724732)",2.094108739
741,157,cara nikolaja,"(44.79793979999999, 20.4785824)",2.085465945
742,158,cara nikolaja drugog,"(44.79793979999999, 20.4785824)",2.085465945
743,159,cara nikolaja ii,"(44.79793979999999, 20.4785824)",2.085465945
744,501,maksima gorkog,"(44.7967137, 20.4772587)",2.083476212
745,1016,vojvode brane,"(44.804944, 20.4833986)",2.080926635
746,461,lamartinova,"(44.7933196, 20.4722835)",2.078837744
747,699,petra kocica,"(44.7941674, 20.4734359)",2.06542405
748,720,pozarevacka,"(44.8011382, 20.4809089)",2.063317342
749,613,niska,"(44.801913, 20.4812488)",2.050305392
750,857,sredacka,"(44.80188159999999, 20.4812099)",2.0490971630000003
751,1040,zahumska,"(44.8038275, 20.4822707)",2.040681813
752,957,vojvode dragomira,"(44.7987994, 20.4783762)",2.0251371380000003
753,879,stjepana ljubise,"(44.8073777, 20.4835957)",2.019353899
754,1070,cirila i metodija,"(44.8046611, 20.4822161)",2.005103861
755,163,carli caplina,"(44.8133, 20.4846196)",1.99080207
756,906,tomasa jeza,"(44.800872, 20.4795134)",1.98560641
757,487,ljubostinjska,"(44.8022936, 20.4804535)",1.979587913
758,770,rudnicka,"(44.7925467, 20.4671232)",1.9775959730000001
759,1061,kavadarska,"(44.79164369999999, 20.4623489)",1.977178169
760,424,kornelija stankovica,"(44.7932359, 20.4690834)",1.97628713
761,625,nikodima milasa,"(44.8100657, 20.4838175)",1.9726235619999999
762,785,sitnicka,"(44.7960401, 20.4467438)",1.9471846780000002
763,636,novopazarska,"(44.79858189999999, 20.4766563)",1.938864146
764,217,dobropoljska,"(44.7921795, 20.4626799)",1.9365269019999998
765,330,internacionalnih brigada,"(44.7947717, 20.4712134)",1.934281726
766,297,granicarska,"(44.7962061, 20.4734744)",1.927882742
767,308,hadzi ruvimova,"(44.801441, 20.4790199)",1.925738989
768,666,preka,"(44.799877, 20.4775401)",1.915991112
769,508,milana tankosica,"(44.810607, 20.4831982)",1.913563193
770,116,branicevska,"(44.7946768, 20.4693961)",1.8779321619999998
771,243,drziceva,"(44.80610069999999, 20.4811294)",1.874591804
772,88,bistricka,"(44.8110722, 20.4826662)",1.8632344730000001
773,784,sindjeliceva,"(44.80219169999999, 20.4785896)",1.86117167
774,888,sundeciceva,"(44.80219169999999, 20.4785896)",1.86117167
775,244,dubljanska,"(44.7958873, 20.4710779)",1.8492781230000002
776,277,generala rasica,"(44.8105593, 20.4381426)",1.840123291
777,1073,celopecka,"(44.80551370000001, 20.480302)",1.835551915
778,33,albanske spomenice,"(44.8098339, 20.48193)",1.829544166
779,618,nebojsina,"(44.794494, 20.4670116)",1.824050434
780,385,kaleniceva,"(44.8006334, 20.4766029)",1.818619665
781,601,mlatisumina,"(44.8031224, 20.4785331)",1.813248442
782,320,ivana djaje,"(44.7989148, 20.4746655)",1.810965876
783,685,patrijarha varnave,"(44.797148, 20.4721905)",1.80699411
784,638,oblakovska,"(44.7937843, 20.4612201)",1.797900118
785,744,ruzveltova,"(44.8068906, 20.4803233)",1.7884794819999998
786,788,sokolska,"(44.7980685, 20.4730251)",1.783129084
787,524,maleska,"(44.7945049, 20.4562843)",1.766320757
788,725,primorska,"(44.8110313, 20.4813482)",1.759732361
789,1044,zdravka celara,"(44.8128703, 20.4816887)",1.759417948
790,653,osmana djikica,"(44.8165845, 20.4818094)",1.752243994
791,1069,rade koncat,"(44.8149466, 20.4817203)",1.746125705
792,72,bacvanska,"(44.7977773, 20.4715526)",1.73626438
793,517,macvanska,"(44.7977773, 20.4715526)",1.73626438
794,516,mutapova,"(44.7987238, 20.4728787)",1.733191276
795,611,nevesinjska,"(44.8001446, 20.4746087)",1.7330973090000001
796,272,gastona gravijea,"(44.7961199, 20.4681921)",1.732384788
797,283,golsvordijeva,"(44.80369719999999, 20.477424)",1.712938075
798,337,ivankovacka,"(44.8079635, 20.4796766)",1.705984054
799,123,brace grim,"(44.813972, 20.4808143)",1.678451086
800,841,skerliceva,"(44.7969129, 20.4679376)",1.665070702
801,454,kursulina,"(44.8006479, 20.473813)",1.6596235259999998
802,604,mome kapora,"(44.7979137, 20.4698078)",1.6558772030000002
803,307,hadzi prodanova,"(44.8040391, 20.4767984)",1.65557166
804,309,hadzi djerina,"(44.8040391, 20.4767984)",1.65557166
805,478,ljube stojanovica,"(44.8124027, 20.4799861)",1.6291815459999999
806,664,poenkareova,"(44.8191313, 20.4799736)",1.6233723780000002
807,801,sv. save,"(44.7980656, 20.4691184)",1.6193193369999999
808,904,svetozara corovica,"(44.8090681, 20.4789131)",1.615873048
809,994,vladetina,"(44.8090681, 20.4789131)",1.615873048
810,445,kraljice marije,"(44.8068572, 20.4778478)",1.6088546680000002
811,65,baba visnjina,"(44.8011175, 20.4730788)",1.591746874
812,523,makenzijeva,"(44.8000585, 20.4711079)",1.5618333709999999
813,396,kataniceva,"(44.7993618, 20.4699142)",1.5576245569999998
814,417,koce kapetana,"(44.8014055, 20.4726065)",1.5490815740000001
815,486,ljubomira stojanovica,"(44.8142503, 20.4788381)",1.51688156
816,684,patrijarha gavrila,"(44.804794, 20.4752077)",1.515362785
817,515,molerova,"(44.8029179, 20.4735804)",1.513535818
818,483,ljubinska,"(44.8038592, 20.4742761)",1.503664829
819,340,jase prodanovica,"(44.8151066, 20.4785784)",1.491154839
820,103,borova,"(44.8112897, 20.4778975)",1.483195158
821,174,dalmatinska,"(44.8112897, 20.4778975)",1.483195158
822,173,cvijiceva,"(44.812959, 20.4780074)",1.463466437
823,761,rackog,"(44.8158062, 20.4779453)",1.438341525
824,869,stara,"(44.8100982, 20.4768914)",1.433445351
825,193,danilova,"(44.81013, 20.47684)",1.42866215
826,63,bulevar despota stefana,"(44.8172371, 20.4777297)",1.4246842569999998
827,374,kneginje zorke,"(44.8022677, 20.4711944)",1.422244169
828,614,njegoseva,"(44.8022677, 20.4711944)",1.422244169
829,873,starine novaka,"(44.8101142, 20.4767165)",1.419642389
830,802,svetog save,"(44.8003924, 20.4678887)",1.4060884169999999
831,916,tirsova,"(44.7992561, 20.4637742)",1.383208152
832,379,kumanovska,"(44.8048764, 20.4731467)",1.380514421
833,239,draze pavlovic,"(44.8133759, 20.476949)",1.37341344
834,787,smiljaniceva,"(44.8026865, 20.4705111)",1.361266631
835,245,durmitorska,"(44.8016447, 20.4515836)",1.3530248459999998
836,199,deligradska,"(44.7994012, 20.4622869)",1.351393749
837,397,katiceva,"(44.8001849, 20.4649061)",1.332998243
838,993,vlade aksentijevica,"(44.8189141, 20.4762621)",1.323946324
839,868,stanoja glavasa,"(44.8118636, 20.4759739)",1.3205991879999999
840,115,brace nedic,"(44.805359, 20.4723577)",1.306544993
841,38,alekse nenadovica,"(44.8031563, 20.4697447)",1.293329687
842,490,lovacka,"(44.803126, 20.469658)",1.29111374
843,529,marica,"(44.8007145, 20.4640793)",1.273751355
844,808,sajkaska,"(44.8182379, 20.4755786)",1.260270971
845,989,visegradska,"(44.8017379, 20.4540539)",1.254475942
846,845,slavija,"(44.802076, 20.467067)",1.254254212
847,183,dr. dragoslava popovica,"(44.812357, 20.474999)",1.23423436
848,630,nikole tesle,"(44.80513089999999, 20.4707336)",1.223528683
849,327,ilije garasanina,"(44.8093634, 20.473772)",1.222534257
850,727,prote mateje,"(44.8050973, 20.470521)",1.2135388
851,623,nemanjina,"(44.8025919, 20.46586)",1.175403738
852,1017,vojvode dobrnjca,"(44.8170925, 20.4744843)",1.1615276079999999
853,17,27. marta,"(44.811466, 20.4737306)",1.155198625
854,378,krunska,"(44.8055155, 20.4699052)",1.154650478
855,80,beogradska,"(44.8056164, 20.4698038)",1.143065346
856,439,kralja milutina,"(44.802936, 20.4650323)",1.1246933540000001
857,811,sarajevska,"(44.8033289, 20.4546547)",1.116813695
858,818,savska,"(44.8044885, 20.4533313)",1.0825076279999999
859,522,majora ilica,"(44.8118418, 20.472829)",1.076273419
860,200,desanke maksimovic,"(44.8068914, 20.4697287)",1.06529202
861,774,rujica,"(44.8255073, 20.4512811)",1.059792729
862,55,bircaninova,"(44.8031462, 20.4617518)",1.044840306
863,162,carigradska,"(44.8180129, 20.4727506)",1.031006123
864,1020,vojvode milenka,"(44.80369049999999, 20.4578465)",1.011255814
865,135,budimska,"(44.818451, 20.472353)",1.005792022
866,804,svetozara markovica,"(44.8047144, 20.4651766)",0.995537323
867,497,madera,"(44.8084765, 20.4699161)",0.9932423709999999
868,902,svetozara miletica,"(44.8204049, 20.4715043)",0.985020408
869,553,mike alasa,"(44.8278647, 20.4595849)",0.9674273840000001
870,833,sibinjanin janka,"(44.8278647, 20.4595849)",0.9674273840000001
871,276,generala lesjanina,"(44.813865, 20.4717312)",0.949725991
872,711,platana,"(44.8221248, 20.4698861)",0.931316881
873,1096,zorza klemansoa,"(44.8221915, 20.4698011)",0.928453777
874,743,resavska,"(44.8047087, 20.4620978)",0.923508772
875,342,jevrejska,"(44.8269379, 20.4572725)",0.92205958
876,550,mihizova,"(44.8215876, 20.4700498)",0.920127818
877,112,brace baruh,"(44.8268097, 20.4585269)",0.8910072609999999
878,975,venizelosova,"(44.81996729999999, 20.4702571)",0.8779846929999999
879,411,knez miletina,"(44.8186444, 20.4705449)",0.866604305
880,908,tadeusa koscuska,"(44.8256671, 20.4557517)",0.866556338
881,718,porecka,"(44.8262747, 20.4575363)",0.864644692
882,84,beracka,"(44.8179544, 20.449816)",0.857148342
883,863,srzenticeva,"(44.8192386, 20.4701954)",0.853053946
884,1088,santiceva,"(44.8192386, 20.4701954)",0.853053946
885,598,misarska,"(44.807222, 20.4651347)",0.8122362940000001
886,354,jelisavete nacic,"(44.8194317, 20.469498)",0.804929098
887,301,gundulicev venac,"(44.8203336, 20.4690457)",0.80041682
888,310,hajduk veljkov venac,"(44.8064477, 20.4576536)",0.7968227959999999
889,313,hercegovacka,"(44.81229889999999, 20.4511045)",0.79408908
890,656,palmoticeva,"(44.8142773, 20.4695435)",0.7693033859999999
891,1092,zeleznicka kolonija,"(44.8113319, 20.4520208)",0.760962328
892,287,gornjacka,"(44.8176186, 20.4510016)",0.7576838109999999
893,677,panciceva,"(44.825035, 20.4623676)",0.757478555
894,252,dzordza vasingtona,"(44.8163314, 20.4695222)",0.75627668
895,241,drinciceva,"(44.81774129999999, 20.469321)",0.7535315290000001
896,986,visokog stevana,"(44.8252236, 20.4597051)",0.753155468
897,464,lazareviceva,"(44.80919590000001, 20.466443)",0.7451301370000001
898,438,kralja milana,"(44.8077122, 20.4638715)",0.7305538340000001
899,412,kneza milosa,"(44.8071997, 20.462071)",0.724764581
900,583,milutina bojica,"(44.8146616, 20.4689997)",0.720809923
901,900,svetogorska,"(44.8135981, 20.4687524)",0.718834379
902,210,djordja jovanovica,"(44.8193031, 20.4679467)",0.684411925
903,226,dr djordja joanovica,"(44.8193031, 20.4679467)",0.684411925
904,678,pariska,"(44.819699, 20.4527503)",0.676072344
905,372,karadjordjeva,"(44.8134811, 20.4522353)",0.6756021059999999
906,765,rige od fere,"(44.8233793, 20.4565467)",0.671391592
907,1046,zidarska,"(44.8166055, 20.4521058)",0.658123262
908,5,"1,maja","(44.8085832, 20.4635625)",0.655908943
909,166,"centar , 1. maja","(44.8085832, 20.4635625)",0.655908943
910,806,svetozara radica,"(44.8139853, 20.4524714)",0.646110455
911,23,admirala geprata,"(44.80816859999999, 20.4604624)",0.630540374
912,304,hilandarska,"(44.81519580000001, 20.4678793)",0.62541798
913,456,levskog,"(44.82046099999999, 20.466213)",0.609592895
914,216,dobrinjska,"(44.8086993, 20.4616687)",0.599127272
915,840,skender begova,"(44.8227482, 20.4628229)",0.591048874
916,425,kosancicev venac,"(44.8163355, 20.4530116)",0.583386329
917,716,pop lukina,"(44.816027, 20.4530346)",0.580697658
918,160,cara urosa,"(44.8221766, 20.4567652)",0.576729313
919,1087,safarikova,"(44.8159546, 20.4668942)",0.542631756
920,521,majke jevrosime,"(44.8135097, 20.466435)",0.542557286
921,1005,vlajkoviceva,"(44.8134874, 20.4664158)",0.541769597
922,408,kneginje ljubice/cara dusana,"(44.8213219, 20.4640558)",0.536366783
923,444,kraljevica marka,"(44.8137485, 20.4541142)",0.524279591
924,407,kneginje ljubice,"(44.8213939, 20.4636489)",0.522762685
925,376,kralja petra,"(44.8201709, 20.4554862)",0.513085353
926,821,sedmog jula,"(44.8201709, 20.4554862)",0.513085353
927,409,knez danilova,"(44.821877, 20.458012)",0.512485147
928,375,kosovska,"(44.8127411, 20.4655565)",0.505892502
929,422,komovska,"(44.8127411, 20.4655565)",0.505892502
930,909,takovska,"(44.8127411, 20.4655565)",0.505892502
931,156,cara lazara,"(44.8182626, 20.4544052)",0.505779848
932,122,brankova,"(44.81497660000001, 20.4540489)",0.504580787
933,390,kapetan misina,"(44.8219103, 20.4619155)",0.503169691
934,881,strahinjica bana,"(44.8221362, 20.4604617)",0.502315475
935,149,burgerovih,"(44.81842330000001, 20.4547325)",0.48648620600000003
936,150,cetinjska,"(44.816886, 20.4661024)",0.48451046799999997
937,215,dobracina,"(44.8204819, 20.4640129)",0.48043198200000004
938,273,gavrila principa,"(44.8117361, 20.4561673)",0.472314759
939,67,balkanska,"(44.8102939, 20.4595269)",0.46115649799999997
940,290,gospodar jovanova,"(44.8215521, 20.4598206)",0.45555752299999996
941,984,visnjiceva,"(44.8215521, 20.4598206)",0.45555752299999996
942,446,kraljice natalije,"(44.8106002, 20.4597294)",0.434772206
943,922,toplicin venac,"(44.8163707, 20.4548842)",0.432138751
944,488,lomina,"(44.8115117, 20.457707)",0.412112982
945,2,severina bijelica,"(44.8205556, 20.4622222)",0.408147727
946,9,113 nova,"(44.8205556, 20.4622222)",0.408147727
947,182,dr nika miljanica,"(44.8205556, 20.4622222)",0.408147727
948,185,drenovacka,"(44.8205556, 20.4622222)",0.408147727
949,190,danila lekica,"(44.8205556, 20.4622222)",0.408147727
950,270,galipoljska,"(44.8205556, 20.4622222)",0.408147727
951,325,igora vasiljeva,"(44.8205556, 20.4622222)",0.408147727
952,363,jovanicka,"(44.8205556, 20.4622222)",0.408147727
953,386,kalnicka,"(44.8205556, 20.4622222)",0.408147727
954,428,koste josipovica,"(44.8205556, 20.4622222)",0.408147727
955,455,lazarevacki drum,"(44.8205556, 20.4622222)",0.408147727
956,534,matije vukovica,"(44.8205556, 20.4622222)",0.408147727
957,683,partizanski blok ul 1,"(44.8205556, 20.4622222)",0.408147727
958,895,sutjeska ulica 1,"(44.8205556, 20.4622222)",0.408147727
959,925,tose jovanovica,"(44.8205556, 20.4622222)",0.408147727
960,969,vasina,"(44.8205556, 20.4622222)",0.408147727
961,1006,vlasicka,"(44.8205556, 20.4622222)",0.408147727
962,1078,djure gajica,"(44.8205556, 20.4622222)",0.408147727
963,576,milorada gavrilovica,"(44.8184554, 20.4643411)",0.39259364399999996
964,596,mice popovica,"(44.8184554, 20.4643411)",0.39259364399999996
965,180,dositejeva,"(44.8192196, 20.4637367)",0.390755168
966,1062,kod gospodar jovanove,"(44.8205332, 20.461403)",0.38453196700000003
967,838,skadarlija,"(44.8179391, 20.4644984)",0.384146494
968,839,skadarska,"(44.8179391, 20.4644984)",0.384146494
969,370,kamenicka,"(44.8126711, 20.4569922)",0.37136725200000004
970,929,trg nikole pasica,"(44.8125267, 20.4631134)",0.36400889700000005
971,617,nasticeva,"(44.8153005, 20.464617)",0.361847385
972,637,nusiceva,"(44.8153005, 20.464617)",0.361847385
973,161,carice milice,"(44.8156636, 20.4559422)",0.345751853
974,505,marsala birjuzova,"(44.8156636, 20.4559422)",0.345751853
975,289,gospodar jevremova,"(44.8197021, 20.4613768)",0.31919376899999996
976,418,kod pinka,"(44.812222, 20.460239)",0.301677246
977,410,knez mihailova,"(44.8177356, 20.4569894)",0.297913843
978,913,terazije,"(44.8126696, 20.4612717)",0.279260823
979,197,decanska,"(44.8139663, 20.4629803)",0.276596566
980,500,makedonska,"(44.8156448, 20.463143)",0.23983373300000002
981,835,simina,"(44.818529, 20.4613253)",0.228531403
982,1051,zmaj jovina,"(44.8171384, 20.4576895)",0.22525132
983,170,cika ljubina,"(44.81750299999999, 20.4582646)",0.201357397
984,667,prizrenska,"(44.8136276, 20.4594988)",0.196128738
985,640,obilicev venac,"(44.8159156, 20.4578081)",0.19379079999999999
986,126,brace jugovica,"(44.81757, 20.461446)",0.166076467
987,968,vase carapica,"(44.8167372, 20.4602332)",0.064346825
988,419,kolarceva,"(44.8152564, 20.4605019)",0.060896075
989,26,ane ahmetove,"(0.0, 0.0)",5.319703205859453
990,29,abebe bikile,"(0.0, 0.0)",5.319703205859453
991,34,albrehta direra,"(0.0, 0.0)",5.319703205859453
992,40,aljehinova,"(0.0, 0.0)",5.319703205859453
993,42,ane frank,"(0.0, 0.0)",5.319703205859453
994,45,antona klemencica,"(0.0, 0.0)",5.319703205859453
995,46,arhimadrita zelica,"(0.0, 0.0)",5.319703205859453
996,50,augusta senoe,"(0.0, 0.0)",5.319703205859453
997,71,backa,"(0.0, 0.0)",5.319703205859453
998,73,begejska,"(0.0, 0.0)",5.319703205859453
999,74,bekerelova,"(0.0, 0.0)",5.319703205859453
1000,77,belicka,"(0.0, 0.0)",5.319703205859453
1001,79,belog bagrema,"(0.0, 0.0)",5.319703205859453
1002,86,bihacka,"(0.0, 0.0)",5.319703205859453
1003,92,blaza popivode,"(0.0, 0.0)",5.319703205859453
1004,93,blizina zvecanske,"(0.0, 0.0)",5.319703205859453
1005,96,bojana djordumovica,"(0.0, 0.0)",5.319703205859453
1006,97,bojcinska (iza maxija),"(0.0, 0.0)",5.319703205859453
1007,101,borhesova,"(0.0, 0.0)",5.319703205859453
1008,109,boze baucala,"(0.0, 0.0)",5.319703205859453
1009,129,"brace srnic, kod okretnice","(0.0, 0.0)",5.319703205859453
1010,192,danila medakovica,"(0.0, 0.0)",5.319703205859453
1011,195,darinke jevric,"(0.0, 0.0)",5.319703205859453
1012,198,dejana smiljkovica,"(0.0, 0.0)",5.319703205859453
1013,214,dobanovacki put iv deo,"(0.0, 0.0)",5.319703205859453
1014,218,dolacka,"(0.0, 0.0)",5.319703205859453
1015,219,donska,"(0.0, 0.0)",5.319703205859453
1016,235,dragoslav djordjevica gose,"(0.0, 0.0)",5.319703205859453
1017,240,drenicka,"(0.0, 0.0)",5.319703205859453
1018,247,dusana bude timotijevica,"(0.0, 0.0)",5.319703205859453
1019,248,dusana milosevica,"(0.0, 0.0)",5.319703205859453
1020,256,emila zatopeka,"(0.0, 0.0)",5.319703205859453
1021,306,hadzi melentijeva,"(0.0, 0.0)",5.319703205859453
1022,326,ilije bosilja,"(0.0, 0.0)",5.319703205859453
1023,335,ivana senkovica,"(0.0, 0.0)",5.319703205859453
1024,347,jure kerosevica,"(0.0, 0.0)",5.319703205859453
1025,349,jasenova,"(0.0, 0.0)",5.319703205859453
1026,383,kajmakcalanska u blizini,"(0.0, 0.0)",5.319703205859453
1027,421,komnena barjaktara,"(0.0, 0.0)",5.319703205859453
1028,449,kronstatska,"(0.0, 0.0)",5.319703205859453
1029,452,kumodra[ka,"(0.0, 0.0)",5.319703205859453
1030,471,licka,"(0.0, 0.0)",5.319703205859453
1031,492,losinjska donja,"(0.0, 0.0)",5.319703205859453
1032,493,lugovacka,"(0.0, 0.0)",5.319703205859453
1033,528,marine velickovic,"(0.0, 0.0)",5.319703205859453
1034,533,matavuljeva,"(0.0, 0.0)",5.319703205859453
1035,538,"medakoviceva, centar, kod maksija","(0.0, 0.0)",5.319703205859453
1036,541,mickijeviceva,"(0.0, 0.0)",5.319703205859453
1037,547,mihajla avramovica - okolina,"(0.0, 0.0)",5.319703205859453
1038,582,milosa zutica,"(0.0, 0.0)",5.319703205859453
1039,616,naselje elektroistok,"(0.0, 0.0)",5.319703205859453
1040,622,negovana ljubinkovica,"(0.0, 0.0)",5.319703205859453
1041,642,ohridska (brane crncevica),"(0.0, 0.0)",5.319703205859453
1042,648,onisima popovica,"(0.0, 0.0)",5.319703205859453
1043,652,osijecka,"(0.0, 0.0)",5.319703205859453
1044,657,pante tutundzica,"(0.0, 0.0)",5.319703205859453
1045,692,pere cvetkovica,"(0.0, 0.0)",5.319703205859453
1046,693,pere kosorica,"(0.0, 0.0)",5.319703205859453
1047,697,petkov kladenac,"(0.0, 0.0)",5.319703205859453
1048,705,pecinacka,"(0.0, 0.0)",5.319703205859453
1049,712,plitvicka - blizu hale slodes,"(0.0, 0.0)",5.319703205859453
1050,726,primucura zarka,"(0.0, 0.0)",5.319703205859453
1051,732,prvog sremskog odreda,"(0.0, 0.0)",5.319703205859453
1052,733,pukovnika pejovica,"(0.0, 0.0)",5.319703205859453
1053,753,rajacka,"(0.0, 0.0)",5.319703205859453
1054,757,ranka miljica,"(0.0, 0.0)",5.319703205859453
1055,767,rudi cajavec,"(0.0, 0.0)",5.319703205859453
1056,768,rudi cajevac,"(0.0, 0.0)",5.319703205859453
1057,769,rudija cajaveca,"(0.0, 0.0)",5.319703205859453
1058,775,ruvarceva,"(0.0, 0.0)",5.319703205859453
1059,777,s. m.mike,"(0.0, 0.0)",5.319703205859453
1060,786,skadarska ugao despota stefana,"(0.0, 0.0)",5.319703205859453
1061,798,stojana protica,"(0.0, 0.0)",5.319703205859453
1062,824,senjanin ive,"(0.0, 0.0)",5.319703205859453
1063,844,slankamenacki put,"(0.0, 0.0)",5.319703205859453
1064,861,srpsko grckog prijateljstva,"(0.0, 0.0)",5.319703205859453
1065,897,svetislava ristica,"(0.0, 0.0)",5.319703205859453
1066,899,svetog raf. sisatovackog,"(0.0, 0.0)",5.319703205859453
1067,907,trnska,"(0.0, 0.0)",5.319703205859453
1068,912,teodosijeva,"(0.0, 0.0)",5.319703205859453
1069,923,toplicka,"(0.0, 0.0)",5.319703205859453
1070,942,"ugrinovacka, pocetak, ispod cukovca","(0.0, 0.0)",5.319703205859453
1071,944,univerzijade,"(0.0, 0.0)",5.319703205859453
1072,945,unska,"(0.0, 0.0)",5.319703205859453
1073,946,"uzdinska, kod kafea medun","(0.0, 0.0)",5.319703205859453
1074,953,veletinska,"(0.0, 0.0)",5.319703205859453
1075,956,vlajka djuranovica,"(0.0, 0.0)",5.319703205859453
1076,960,vukova,"(0.0, 0.0)",5.319703205859453
1077,962,valentina vodnika,"(0.0, 0.0)",5.319703205859453
1078,980,vidikovacki venac (partizanska),"(0.0, 0.0)",5.319703205859453
1079,981,vijetnamska,"(0.0, 0.0)",5.319703205859453
1080,990,visnjiceva druga,"(0.0, 0.0)",5.319703205859453
1081,995,vladimira dujica,"(0.0, 0.0)",5.319703205859453
1082,1000,vladimira pogacica,"(0.0, 0.0)",5.319703205859453
1083,1018,vojvode jakse,"(0.0, 0.0)",5.319703205859453
1084,1031,vucitrnska,"(0.0, 0.0)",5.319703205859453
1085,1048,zimonjiceca,"(0.0, 0.0)",5.319703205859453
1086,1056,blizu milesevske,"(0.0, 0.0)",5.319703205859453
1087,1057,blizu zvecanske,"(0.0, 0.0)",5.319703205859453
1088,1058,cunstendiska,"(0.0, 0.0)",5.319703205859453
1089,1059,dr acima medovica,"(0.0, 0.0)",5.319703205859453
1090,1060,gleda na vukice mitrovic,"(0.0, 0.0)",5.319703205859453
1091,1067,nova 114 11b st,"(0.0, 0.0)",5.319703205859453
1092,1071,cede minderovica,"(0.0, 0.0)",5.319703205859453
1093,1076,cice romanijskog,"(0.0, 0.0)",5.319703205859453
1094,1080,djoke vojvodica,"(0.0, 0.0)",5.319703205859453
1095,1093,zike mesarovica,"(0.0, 0.0)",5.319703205859453
1096,1095,zitomislicka,"(0.0, 0.0)",5.319703205859453
